{
  "train_loss": [
    2.1910553262347268,
    0.9453283768324625,
    0.6660528058807055,
    0.48903688078834895,
    0.4142821502117884,
    0.32587584675777526,
    0.25960384193985236,
    0.23861264481785752,
    0.14986001624770107,
    0.1546404213821959,
    0.1487711820574034,
    0.10941716842353344,
    0.08503239655068942,
    0.09995526172930286,
    0.0574769905457894
  ],
  "train_acc": [
    0.3392857142857143,
    0.6964285714285714,
    0.7440476190476191,
    0.8452380952380952,
    0.8809523809523809,
    0.8869047619047619,
    0.9166666666666666,
    0.9226190476190477,
    0.9464285714285714,
    0.9464285714285714,
    0.9583333333333334,
    0.9761904761904762,
    0.9761904761904762,
    0.9702380952380952,
    0.9821428571428571
  ],
  "val_loss": [
    1.2496926670982724,
    0.9895262264070057,
    0.9411296163286481,
    0.8041438999630156,
    0.7982463950202578,
    0.6997094438189552,
    0.5703647250220889,
    0.5808559315545219,
    0.5726151892117092,
    0.47876796694028945,
    0.5705735513142177,
    0.5153425094627199,
    0.5467158101853871,
    0.49007515680222286,
    0.47883512008757817
  ],
  "val_acc": [
    0.5,
    0.6904761904761905,
    0.6904761904761905,
    0.6904761904761905,
    0.7142857142857143,
    0.7380952380952381,
    0.7857142857142857,
    0.8095238095238095,
    0.7619047619047619,
    0.8333333333333334,
    0.7142857142857143,
    0.8095238095238095,
    0.7619047619047619,
    0.7619047619047619,
    0.8095238095238095
  ]
}